{
    "rmse": 0.8049085029157398,
    "mae": 0.6203010620200683,
    "r2": 0.12276683641339703
}